{"name":"f0984e3e-71f3-4db9-bc09-2c981875cd7a","id":"/providers/Microsoft.Flow/flows/f0984e3e-71f3-4db9-bc09-2c981875cd7a","type":"Microsoft.Flow/flows","properties":{"apiId":"/providers/Microsoft.PowerApps/apis/shared_logicflows","displayName":"Template_Insert_Metricas","definition":{"metadata":{"workflowEntityId":null,"processAdvisorMetadata":null,"flowChargedByPaygo":null,"flowclientsuspensionreason":"None","flowclientsuspensiontime":null,"flowclientsuspensionreasondetails":null,"creator":{"id":"274acaf7-28ae-4c3c-8012-faae5fb13ee0","type":"User","tenantId":"9744600e-3e04-492e-baa1-25ec245c6f10"},"provisioningMethod":"FromDefinition","failureAlertSubscription":true,"clientLastModifiedTime":"2024-07-31T07:36:50.6791984Z","connectionKeySavedTimeKey":"2024-07-31T07:36:50.6791984Z"},"$schema":"https://schema.management.azure.com/providers/Microsoft.Logic/schemas/2016-06-01/workflowdefinition.json#","contentVersion":"undefined","parameters":{"$authentication":{"defaultValue":{},"type":"SecureObject"},"$connections":{"defaultValue":{},"type":"Object"}},"triggers":{"manual":{"type":"Request","kind":"Button","inputs":{"schema":{"type":"object","properties":{},"required":[]}}}},"actions":{"timestamp":{"runAfter":{},"type":"InitializeVariable","inputs":{"variables":[{"name":"timestamp","type":"string","value":"@{utcNow()}"}]}},"fk_flujo":{"runAfter":{"timestamp":["Succeeded"]},"type":"InitializeVariable","inputs":{"variables":[{"name":"fk_flujo","type":"string","value":"c14a9988-2f0b-4b46-bc8c-ada95ad5bf77"}]}},"fk_metrica":{"runAfter":{"fk_flujo":["Succeeded"]},"type":"InitializeVariable","inputs":{"variables":[{"name":"fk_metrica","type":"string","value":"c14a9988-2f0b-4b46-bc8c-ada95ad5bf77"}]}},"idEjecucion":{"runAfter":{"fk_metrica":["Succeeded"]},"type":"InitializeVariable","inputs":{"variables":[{"name":"IdEjecucion","type":"integer","value":0}]}},"acumuladoMétrica":{"runAfter":{"idEjecucion":["Succeeded"]},"type":"InitializeVariable","inputs":{"variables":[{"name":"acumuladoMetrica","type":"integer","value":0}]}},"pais":{"runAfter":{"acumuladoMétrica":["Succeeded"]},"type":"InitializeVariable","inputs":{"variables":[{"name":"fk_pais","type":"string"}]}},"adjetivo1":{"runAfter":{"pais":["Succeeded"]},"type":"InitializeVariable","inputs":{"variables":[{"name":"adj1","type":"string"}]}},"adjetivo2":{"runAfter":{"adjetivo1":["Succeeded"]},"type":"InitializeVariable","inputs":{"variables":[{"name":"adj2","type":"string"}]}},"adjetivo3":{"runAfter":{"adjetivo2":["Succeeded"]},"type":"InitializeVariable","inputs":{"variables":[{"name":"adj3","type":"string"}]}},"adjetivo4":{"runAfter":{"adjetivo3":["Succeeded"]},"type":"InitializeVariable","inputs":{"variables":[{"name":"adj4","type":"string"}]}},"notas":{"runAfter":{"adjetivo4":["Succeeded"]},"type":"InitializeVariable","inputs":{"variables":[{"name":"notas","type":"string"}]}},"url_entorno":{"runAfter":{"notas":["Succeeded"]},"type":"InitializeVariable","inputs":{"variables":[{"name":"url_entorno","type":"string"}]}},"tokenAuth":{"runAfter":{"url_entorno":["Succeeded"]},"type":"InitializeVariable","inputs":{"variables":[{"name":"tokenAuth","type":"string"}]}},"HTTP_POST":{"runAfter":{"tokenAuth":["Succeeded"]},"type":"Http","inputs":{"uri":"@variables('url_entorno')","method":"POST","headers":{"Content-Type":"application/json","charset":"utf-8","TokenAuth":"@{variables('tokenAuth')}"},"body":{"id_ejecucion":"@{variables('IdEjecucion')}","fk_flujo":"@{variables('fk_flujo')}","fk_metrica":"@{variables('fk_metrica')}","Adjetivo1":"@{variables('adj1')}","Adjetivo2":"@{variables('adj2')}","Adjetivo3":"@{variables('adj3')}","Adjetivo4":"@{variables('adj4')}","AcumuladoMetrica":"@{variables('acumuladoMetrica')}","FechaInicioEjecucion":"@{formatDateTime(variables('timestamp'),'yyyy/MM/dd HH:mm:ss')}","FechaFinEjecucion":"@{formatDateTime(utcNow(),'yyyy-MM-dd HH:mm:ss')}","fk_pais":"@{variables('fk_pais')}","NotaInterna":"@{variables('notas')}","timestamp":"@{formatDateTime(utcNow(),'yyyy-MM-dd HH:mm:ss')}"}},"runtimeConfiguration":{"contentTransfer":{"transferMode":"Chunked"}}}}},"connectionReferences":{},"flowFailureAlertSubscribed":false,"isManaged":false}}